{
	"info": {
		"_postman_id": "5fe34c26-3821-4390-9212-280d46a11221",
		"name": "New Collection",
		"schema": "https://schema.getpostman.com/json/collection/v2.1.0/collection.json",
		"_exporter_id": "15736988"
	},
	"item": [
		{
			"name": "register1",
			"request": {
				"method": "POST",
				"header": [],
				"body": {
					"mode": "raw",
					"raw": "{\r\n    \"username\":\"test1\",\r\n    \"password\":\"changeit\"\r\n}",
					"options": {
						"raw": {
							"language": "json"
						}
					}
				},
				"url": {
					"raw": "http://localhost:8080/register",
					"protocol": "http",
					"host": [
						"localhost"
					],
					"port": "8080",
					"path": [
						"register"
					]
				}
			},
			"response": []
		},
		{
			"name": "register2",
			"request": {
				"method": "POST",
				"header": [],
				"body": {
					"mode": "raw",
					"raw": "{\r\n    \"username\":\"test2\",\r\n    \"password\":\"changeit\"\r\n}",
					"options": {
						"raw": {
							"language": "json"
						}
					}
				},
				"url": {
					"raw": "http://localhost:8080/register",
					"protocol": "http",
					"host": [
						"localhost"
					],
					"port": "8080",
					"path": [
						"register"
					]
				}
			},
			"response": []
		},
		{
			"name": "login1",
			"request": {
				"method": "POST",
				"header": [],
				"url": {
					"raw": "http://localhost:8080/login",
					"protocol": "http",
					"host": [
						"localhost"
					],
					"port": "8080",
					"path": [
						"login"
					]
				}
			},
			"response": []
		},
		{
			"name": "login2",
			"request": {
				"method": "POST",
				"header": [],
				"body": {
					"mode": "raw",
					"raw": "{\r\n    \"username\":\"test2\",\r\n    \"password\":\"changeit\"\r\n}",
					"options": {
						"raw": {
							"language": "json"
						}
					}
				},
				"url": {
					"raw": "http://localhost:8080/login",
					"protocol": "http",
					"host": [
						"localhost"
					],
					"port": "8080",
					"path": [
						"login"
					]
				}
			},
			"response": []
		},
		{
			"name": "gamecreate",
			"request": {
				"auth": {
					"type": "bearer",
					"bearer": [
						{
							"key": "token",
							"value": "zKT-N0Y618UHDerjElW2Qj2JyRs4Ly7eeXyC1hxdRJs=",
							"type": "string"
						}
					]
				},
				"method": "POST",
				"header": [],
				"body": {
					"mode": "raw",
					"raw": "{\r\n    \"ruleSet\":{\r\n        \"boardSize\":15,\r\n        \"placingTime\":120\r\n    }\r\n}",
					"options": {
						"raw": {
							"language": "json"
						}
					}
				},
				"url": {
					"raw": "http://localhost:8080/game",
					"protocol": "http",
					"host": [
						"localhost"
					],
					"port": "8080",
					"path": [
						"game"
					]
				}
			},
			"response": []
		},
		{
			"name": "setPiece1",
			"request": {
				"method": "POST",
				"header": [],
				"body": {
					"mode": "raw",
					"raw": "{\r\n    \"play\":{\r\n        \"l\":0,\r\n        \"c\":0\r\n    }\r\n}",
					"options": {
						"raw": {
							"language": "json"
						}
					}
				},
				"url": {
					"raw": "http://localhost:8080/game/5176a7da-ba17-45ec-b87a-d8d0eb215d17/set",
					"protocol": "http",
					"host": [
						"localhost"
					],
					"port": "8080",
					"path": [
						"game",
						"5176a7da-ba17-45ec-b87a-d8d0eb215d17",
						"set"
					]
				}
			},
			"response": []
		},
		{
			"name": "setPiece2",
			"request": {
				"method": "POST",
				"header": [],
				"body": {
					"mode": "raw",
					"raw": "{\r\n    \"play\":{\r\n        \"l\":0,\r\n        \"c\":0\r\n    }\r\n}",
					"options": {
						"raw": {
							"language": "json"
						}
					}
				},
				"url": {
					"raw": "http://localhost:8080/game/5176a7da-ba17-45ec-b87a-d8d0eb215d17/set",
					"protocol": "http",
					"host": [
						"localhost"
					],
					"port": "8080",
					"path": [
						"game",
						"5176a7da-ba17-45ec-b87a-d8d0eb215d17",
						"set"
					]
				}
			},
			"response": []
		}
	]
}